{
    "AWSTemplateFormatVersion": "2010-09-09",
    "Description": "Hammer stack for identification crossaccount role",
    "Parameters": {
        "ResourcesPrefix": {
            "Type": "String",
            "MinLength": "3",
            "Default": "hammer-"
        },
        "MasterAccountID": {
            "Type": "String",
            "MinLength": "12"
        },
        "IdentificationCrossAccountIAMRole": {
            "Type": "String",
            "Default": "cloudsec-crossact-id"
        }
    },
    "Resources": {
        "HammerCrossAccountIdentifyRole": {
            "Type": "AWS::IAM::Role",
            "Properties": {
                "RoleName": {"Fn::Join" : ["", [ { "Ref": "ResourcesPrefix" },
                                                 { "Ref": "IdentificationCrossAccountIAMRole" }]
                                          ]},
                "AssumeRolePolicyDocument": {
                    "Version": "2012-10-17",
                    "Statement": [{
                        "Effect": "Allow",
                        "Principal": {
                            "AWS": {"Fn::Join": [ "", ["arn:aws:iam::", {"Ref": "MasterAccountID"}, ":root"] ] }
                        },
                        "Action": "sts:AssumeRole"
                    }]
                },
                "Path": "/",
                "Policies": [{
                    "PolicyName": "HammerCrossAccountIdentificationPolicy",
                    "PolicyDocument": {
                        "Version": "2012-10-17",
                        "Statement": [
                            {
                                "Sid": "SecurityGroupIssues",
                                "Effect": "Allow",
                                "Action": [
                                    "ec2:DescribeSecurityGroups",
                                    "ec2:DescribeInstances",
                                    "ec2:DescribeRouteTables",
                                    "ec2:DescribeSubnets",
                                    "ec2:DescribeImages",
                                ],
                                "Resource": "*"
                            },
                            {
                                "Sid": "S3Issues",
                                "Effect": "Allow",
                                "Action": [
                                    "s3:ListAllMyBuckets",
                                    "s3:GetBucketAcl",
                                    "s3:GetBucketPolicy",
                                    "s3:GetBucketTagging",
                                    "s3:GetEncryptionConfiguration"
                                ],
                                "Resource": "*"
                            },
                            {
                                "Sid": "IamIssues",
                                "Effect": "Allow",
                                "Action": [
                                    "iam:ListUsers",
                                    "iam:ListAccessKeys",
                                    "iam:GetAccessKeyLastUsed"
                                ],
                                "Resource": "*"
                            },
                            {
                                "Sid": "CloudTrailIssues",
                                "Effect": "Allow",
                                "Action": [
                                    "cloudtrail:DescribeTrails",
                                    "cloudtrail:GetTrailStatus",
                                    "cloudtrail:GetEventSelectors"
                                ],
                                "Resource": "*"
                            },
                            {
                                "Sid": "EBSIssues",
                                "Effect": "Allow",
                                "Action": [
                                    "ec2:DescribeVolumes",
                                    "ec2:DescribeSnapshots",
                                    "ec2:DescribeSnapshotAttribute"
                                ],
                                "Resource": "*"
                            },
                            {
                                "Sid": "RdsIssues",
                                "Effect": "Allow",
                                "Action": [
                                    "rds:ListTagsForResource",
                                    "rds:DescribeDBInstances",
                                    "rds:DescribeDBClusters",
                                    "rds:DescribeDBSnapshots",
                                    "rds:DescribeDBClusterSnapshots"
                                ],
                                "Resource": "*"
                            },
                            {
                                "Sid": "SQSIssues",
                                "Effect": "Allow",
                                "Action": [
                                    "sqs:ListQueues",
                                    "sqs:GetQueueUrl",
                                    "sqs:GetQueueAttributes",
                                    "sqs:ListQueueTags"
                                ],
                                "Resource": "*"
                            }
                        ]
                    }
                }]
            }
        }
    }
}
